{"cameraMode":{"drawMode":0,"name":"Shaded","section":"Shading Mode"},"sceneLighting":true,"audioPlay":false,"sceneViewState":{"showFog":true,"showMaterialUpdate":true,"showSkybox":true,"showFlares":true,"showImageEffects":true,"showParticleSystems":true},"in2DMode":false,"pivot":{"x":5.066707134246826,"y":-9.47983169555664,"z":0.38285064697265627},"rotation":{"x":0.5761979222297669,"y":0.10355154424905777,"z":-0.07379523664712906,"w":0.8074098229408264},"size":39.092620849609378,"orthographic":false}