{"cameraMode":{"drawMode":0,"name":"Shaded","section":"Shading Mode"},"sceneLighting":true,"audioPlay":false,"sceneViewState":{"showFog":true,"showMaterialUpdate":true,"showSkybox":true,"showFlares":true,"showImageEffects":true,"showParticleSystems":true},"in2DMode":false,"pivot":{"x":-0.739987850189209,"y":0.8514490127563477,"z":0.2492380142211914},"rotation":{"x":-0.07602225244045258,"y":0.8936558961868286,"z":-0.16567561030387879,"w":-0.4100645184516907},"size":10.0,"orthographic":false}